<?xml version="1.0" encoding="UTF-8"?>
<site>
   <description>
      Export IBM Notes View to Microsoft Excel
   </description>
   <feature url="features/export.ibm.notes.view.to.microsoft.excel.feature_1.0.0.201505281502.jar" id="export.ibm.notes.view.to.microsoft.excel.feature" version="1.0.0.201505281502">
      <category name="export.to.excel.plugin"/>
   </feature>
   <feature url="features/org.apache.poi.feature_3.12.0.jar" id="org.apache.poi.feature" version="3.12">
      <category name="org.apache.poi"/>
   </feature>
   <category-def name="export.to.excel.plugin" label="Export IBM Notes View to Microsoft Excel">
      <description>
         The Lotus Notes plugin for export a Lotis Notes View into Microsoft Excel file.
      </description>
   </category-def>
   <category-def name="org.apache.poi" label="Apache POI">
      <description>
         Apache POI - the Java API for Microsoft Documents
      </description>
   </category-def>
</site>
